userID,Finished,luck,merit,inheritance,SC0,time_submit,treatment,personal_income,education,religion,n_kids,age,female,income_label,redistribution,applied_inequality,high education
039ba0253cb80bae744b02feaf12b675,True,TRUE,FALSE,FALSE,6,107.76,luck,4,5,1,1,63,TRUE,High Income,6,0,TRUE
040ca38cefb1d9226d79c05dd25469cb,True,TRUE,FALSE,FALSE,6,15.334,luck,4,6,1,1,28,TRUE,High Income,6,0,TRUE
04b1f405bc2b567d7e1b73253677abf7,True,FALSE,TRUE,FALSE,8,90.494,merit,1,4,1,4,49,FALSE,Low Income,4,0.3333333333333333,FALSE
05d6f903feb33ea98097b537b4247388,True,FALSE,TRUE,FALSE,8,50.405,merit,3,5,1,1,34,TRUE,Average Income,4,0.3333333333333333,TRUE
06421f5bdd437abc2120676f9b5de141,True,FALSE,TRUE,FALSE,8,78.586,merit,1,4,1,1,60,FALSE,Low Income,4,0.3333333333333333,FALSE
06910cb842f6d58497af36989cf24846,True,FALSE,FALSE,TRUE,8,81.332,inheritance,6,4,1,1,18,FALSE,NA,4,0.3333333333333333,FALSE
073c2ca4a49b2637a1013d69badbb095,True,FALSE,TRUE,FALSE,10,56.914,merit,4,6,1,2,57,FALSE,High Income,2,0.6666666666666666,TRUE
074d749878d53d9647c1b3d92e543c5a,True,TRUE,FALSE,FALSE,6,89.096,luck,1,5,1,0,30,TRUE,Low Income,6,0,TRUE
08184fe275cc06c6eedca6fce1817c5b,True,FALSE,TRUE,FALSE,12,76.026,merit,1,1,1,0,26,TRUE,Low Income,0,1,FALSE
090f8d192c34e198f53938c28c772375,True,FALSE,TRUE,FALSE,10,86.806,merit,6,4,1,1,23,TRUE,NA,2,0.6666666666666666,FALSE
090f9ab99446f75d455cacf85f9d8ed7,True,FALSE,TRUE,FALSE,6,146.3,merit,2,5,1,1,29,TRUE,Low Income,6,0,TRUE
09aa6894316055cad6b726873de0b894,True,FALSE,FALSE,TRUE,8,15.389,inheritance,3,5,1,1,29,TRUE,Average Income,4,0.3333333333333333,TRUE
0a36c70d3f3a6818ec21db502b7123ad,True,FALSE,TRUE,FALSE,6,5.799,merit,3,3,1,1,25,FALSE,Average Income,6,0,FALSE
0b03dead250f2406566af3c6597008e7,True,FALSE,FALSE,TRUE,10,152.564,inheritance,4,6,1,1,34,TRUE,High Income,2,0.6666666666666666,TRUE
0b899259b8cc521f449c2e99e65832a6,True,TRUE,FALSE,FALSE,6,67.09,luck,1,5,1,3,33,TRUE,Low Income,6,0,TRUE
0c8d4d758c93ef390b04823eab1a2bb8,True,FALSE,TRUE,FALSE,12,62.97,merit,4,5,1,0,44,TRUE,High Income,0,1,TRUE
0dc79e354ff49f56ece9be4630da73e7,True,FALSE,TRUE,FALSE,12,17.477,merit,5,3,1,4,45,FALSE,High Income,0,1,FALSE
1104404a97a4b0bc7f895ddf9a4b1d01,True,FALSE,TRUE,FALSE,12,37.934,merit,1,3,1,1,26,FALSE,Low Income,0,1,FALSE
127acb1cbf6312a007ccaa35c6e32d71,True,FALSE,FALSE,TRUE,6,122.396,inheritance,3,1,1,1,63,TRUE,Average Income,6,0,FALSE
1284c5ea3765bccfdc002160ac1ee0a3,True,FALSE,FALSE,TRUE,12,128.179,inheritance,3,4,1,1,52,FALSE,Average Income,0,1,FALSE
1313ae77d2b66abe35039b969d7e52b9,True,TRUE,FALSE,FALSE,10,129.251,luck,3,5,1,6,54,FALSE,Average Income,2,0.6666666666666666,TRUE
13e164a0d912d22c2517d43790011f09,True,FALSE,FALSE,TRUE,6,109.511,inheritance,2,4,1,5,54,FALSE,Low Income,6,0,FALSE
13fed4830746d5135014aced37c084f7,True,FALSE,TRUE,FALSE,12,86.047,merit,1,5,1,2,53,TRUE,Low Income,0,1,TRUE
141f7a4f28435d8401646209eb3ec587,True,FALSE,FALSE,TRUE,6,80.332,inheritance,0,1,1,0,22,TRUE,NA,6,0,FALSE
14bfdd4679f8af72fdabeee2e82af5fd,True,TRUE,FALSE,FALSE,6,190.219,luck,1,3,1,2,31,FALSE,Low Income,6,0,FALSE
15cdfa933291bce6162a79908963daa9,True,FALSE,TRUE,FALSE,12,39.661,merit,2,5,1,1,46,FALSE,Low Income,0,1,TRUE
166c99561d69c0bdccd58237c69cd9e2,True,TRUE,FALSE,FALSE,6,84.437,luck,2,5,1,4,49,FALSE,Low Income,6,0,TRUE
1725eec7f3cfcbfb414d5cd33190ced9,True,FALSE,FALSE,TRUE,12,111.005,inheritance,1,5,1,2,66,FALSE,Low Income,0,1,TRUE
1755f87f1ed8c995c6620cd7a8abd7f2,True,FALSE,TRUE,FALSE,12,77.895,merit,3,4,1,3,35,TRUE,Average Income,0,1,FALSE
17606cd50fee6b930af718eaa889af9c,True,TRUE,FALSE,FALSE,6,100.895,luck,1,1,1,0,38,TRUE,Low Income,6,0,FALSE
17840537f8a6270b6b3be3e05281162a,True,FALSE,TRUE,FALSE,12,51.055,merit,4,6,1,1,58,TRUE,High Income,0,1,TRUE
18afcea1663068b9444c192d5484a791,True,FALSE,TRUE,FALSE,12,52.749,merit,4,5,1,3,42,FALSE,High Income,0,1,TRUE
19a1bcef5fd1745d6ff96b91b5169259,True,FALSE,TRUE,FALSE,10,69.217,merit,3,3,1,2,60,FALSE,Average Income,2,0.6666666666666666,FALSE
1bec132838275844b1c9c0fd1d19bdc7,True,TRUE,FALSE,FALSE,8,86.858,luck,1,1,1,4,35,TRUE,Low Income,4,0.3333333333333333,FALSE
1c351cf40d92f6bbaf24a66b3885bc12,True,FALSE,TRUE,FALSE,6,60.737,merit,3,5,1,0,26,FALSE,Average Income,6,0,TRUE
1c82611b8543f8f6481e3c9a31abf0a0,True,TRUE,FALSE,FALSE,10,178.355,luck,1,5,1,1,22,FALSE,Low Income,2,0.6666666666666666,TRUE
1f4921dd66370d2956634ef6eddb8d13,True,TRUE,FALSE,FALSE,10,109.185,luck,3,3,1,1,19,FALSE,Average Income,2,0.6666666666666666,FALSE
200a833463589cf938fca08614b5799d,True,FALSE,FALSE,TRUE,8,126.346,inheritance,3,4,1,1,70,FALSE,Average Income,4,0.3333333333333333,FALSE
20aae4e8f6b7b48d922bcb7d31f7e73e,True,FALSE,TRUE,FALSE,6,132.348,merit,2,5,1,1,70,TRUE,Low Income,6,0,TRUE
20e4f9a9702dd47c6cf540a0fa4ad982,True,FALSE,TRUE,FALSE,8,84.469,merit,4,4,1,4,41,FALSE,High Income,4,0.3333333333333333,FALSE
20fa65a47305ac71d04c90dd2679cfa2,True,FALSE,TRUE,FALSE,8,124.62,merit,4,5,1,2,41,TRUE,High Income,4,0.3333333333333333,TRUE
21554d4aed1e320aeb9233f11ffec419,True,FALSE,FALSE,TRUE,12,115.933,inheritance,0,5,1,0,31,TRUE,NA,0,1,TRUE
22f4fca3203ba7d263e1f4a92541de6c,True,FALSE,FALSE,TRUE,6,31.926,inheritance,2,5,1,2,35,TRUE,Low Income,6,0,TRUE
23a8db2b4858e70fddfa2919f06f00b1,True,FALSE,TRUE,FALSE,8,74.234,merit,4,1,1,1,65,FALSE,High Income,4,0.3333333333333333,FALSE
240a37708adebd0875f13269e01a40a2,True,FALSE,TRUE,FALSE,0,44.35,merit,2,6,1,1,66,TRUE,Low Income,12,1,TRUE
245e2e9afd17925e9219c38b365c183d,True,TRUE,FALSE,FALSE,0,8.9,luck,6,4,1,1,19,TRUE,NA,12,1,FALSE
27b5d9f5d6f9de1d8b3562f25b4ea48e,True,FALSE,TRUE,FALSE,12,80.091,merit,3,5,1,2,34,TRUE,Average Income,0,1,TRUE
27eb1a46dfe0257dfe21b4d51437f13d,True,TRUE,FALSE,FALSE,12,86.604,luck,1,1,1,1,27,FALSE,Low Income,0,1,FALSE
28c54876943de4617e0e06a946e49c22,True,FALSE,TRUE,FALSE,10,61.347,merit,2,4,1,3,40,TRUE,Low Income,2,0.6666666666666666,FALSE
29dafb41fdabcf3115cdc57264b46988,True,FALSE,TRUE,FALSE,12,156.819,merit,2,5,1,3,36,TRUE,Low Income,0,1,TRUE
2a4d42efa91819a3f07726d48574ac51,True,TRUE,FALSE,FALSE,6,87.477,luck,1,3,1,1,34,FALSE,Low Income,6,0,FALSE
2b19683abda00383acc0d51cbc6be2c7,True,FALSE,FALSE,TRUE,12,119.508,inheritance,1,3,1,6,41,TRUE,Low Income,0,1,FALSE
2b656b2054e57509c4d298ff4e000bd2,True,FALSE,FALSE,TRUE,6,136.771,inheritance,4,4,1,3,53,FALSE,High Income,6,0,FALSE
2c43395fccb9d2beb02bcbf418ec49d3,True,FALSE,TRUE,FALSE,6,822.39,merit,1,5,1,1,32,TRUE,Low Income,6,0,TRUE
2df9e459af0d59962a7cd5824f30f4a1,True,TRUE,FALSE,FALSE,8,72.78,luck,3,5,1,1,36,FALSE,Average Income,4,0.3333333333333333,TRUE
2e5cbbb131b5641730ed5711cda836f0,True,FALSE,FALSE,TRUE,8,102.939,inheritance,4,4,1,4,50,FALSE,High Income,4,0.3333333333333333,FALSE
2e7e7f4c80b2f035b8176c0fe1e01813,True,FALSE,FALSE,TRUE,6,114.193,inheritance,3,6,1,3,35,FALSE,Average Income,6,0,TRUE
2ee3427ca21bae8047b85680d623eef6,True,FALSE,FALSE,TRUE,8,217.828,inheritance,3,5,1,2,28,FALSE,Average Income,4,0.3333333333333333,TRUE
2f98f226c477633877111a61285f1ba7,True,TRUE,FALSE,FALSE,6,54.842,luck,2,3,1,3,24,FALSE,Low Income,6,0,FALSE
31dad1573ffde0c4117bf4f1e51e0852,True,FALSE,TRUE,FALSE,8,70.974,merit,4,4,1,4,59,FALSE,High Income,4,0.3333333333333333,FALSE
32c830a602f7de7b9e91ee0e3050affc,True,TRUE,FALSE,FALSE,8,96.478,luck,4,5,1,3,47,TRUE,High Income,4,0.3333333333333333,TRUE
32c929003af458aa1e14ee80bbce5c79,True,FALSE,FALSE,TRUE,6,68.043,inheritance,4,3,1,4,36,TRUE,High Income,6,0,FALSE
32ec2797abd82fa64cf9d93fa41f41d7,True,FALSE,TRUE,FALSE,10,152.394,merit,1,3,1,2,42,TRUE,Low Income,2,0.6666666666666666,FALSE
335f09ffc9cce081ee4126c57925ae3d,True,TRUE,FALSE,FALSE,12,616.294,luck,1,5,1,1,52,TRUE,Low Income,0,1,TRUE
340cf2fe74e2972ace09c592eaf24181,True,FALSE,FALSE,TRUE,6,54.718,inheritance,2,3,1,1,25,FALSE,Low Income,6,0,FALSE
3570386e02f89b9004e44811b8756ee3,True,FALSE,FALSE,TRUE,6,403.325,inheritance,1,3,1,1,23,TRUE,Low Income,6,0,FALSE
362b3053e6d3c3f378dc144fe1f01a69,True,TRUE,FALSE,FALSE,6,110.296,luck,2,5,1,1,48,TRUE,Low Income,6,0,TRUE
3742f31f4be2e03cf8de1bc371b943eb,True,FALSE,TRUE,FALSE,8,131.674,merit,2,4,1,2,51,TRUE,Low Income,4,0.3333333333333333,FALSE
3756dfc8c8907e0429bc1c59a8fcb00a,True,FALSE,TRUE,FALSE,8,90.63,merit,6,2,1,1,33,FALSE,NA,4,0.3333333333333333,FALSE
39965218d09991e4c4548b068e84d741,True,FALSE,TRUE,FALSE,6,80.907,merit,2,5,1,2,22,TRUE,Low Income,6,0,TRUE
3b2c09b5bd11dea4e144f18a84dbf9b3,True,FALSE,TRUE,FALSE,8,23.381,merit,2,3,1,0,25,FALSE,Low Income,4,0.3333333333333333,FALSE
3c1c81958fdcac4eb274b5bcccfd2bff,True,FALSE,FALSE,TRUE,6,25.901,inheritance,3,5,1,1,23,FALSE,Average Income,6,0,TRUE
3d144dbb0b18276f12a6920d865b0c14,True,TRUE,FALSE,FALSE,6,72.825,luck,4,2,1,0,38,FALSE,High Income,6,0,FALSE
3e1361e96e605ea38655ebec2ecdcf16,True,FALSE,FALSE,TRUE,8,98.116,inheritance,2,3,1,1,23,FALSE,Low Income,4,0.3333333333333333,FALSE
3f0ac2e7f78887f99754559dfa86312f,True,FALSE,FALSE,TRUE,12,147.809,inheritance,1,2,1,1,62,FALSE,Low Income,0,1,FALSE
3fbb9b9088a9927caf833bae21d37243,True,FALSE,FALSE,TRUE,10,60.525,inheritance,1,6,1,3,51,TRUE,Low Income,2,0.6666666666666666,TRUE
3fd60983292458bf7dee75f12d5e9e05,True,TRUE,FALSE,FALSE,12,63.449,luck,1,5,1,1,65,FALSE,Low Income,0,1,TRUE
42578634117800574118e9e8c8ffcbb7,True,FALSE,FALSE,TRUE,6,244.844,inheritance,3,6,1,4,42,TRUE,Average Income,6,0,TRUE
4406fdc9126a04e1cfd8e03daf28c801,True,FALSE,FALSE,TRUE,12,58.435,inheritance,2,5,1,7,40,FALSE,Low Income,0,1,TRUE
441c5714759591a1d506205551941c02,True,TRUE,FALSE,FALSE,6,88.214,luck,5,5,1,1,66,FALSE,High Income,6,0,TRUE
44a3408a9a03ebf20d60c19159b7baf2,True,FALSE,TRUE,FALSE,10,15.089,merit,1,2,1,1,69,FALSE,Low Income,2,0.6666666666666666,FALSE
4510bb3ced2559962ecd4a20c7752a39,True,TRUE,FALSE,FALSE,12,142.58,luck,2,5,1,2,42,TRUE,Low Income,0,1,TRUE
454c2ed74922e07eece878168d7af5e2,True,FALSE,FALSE,TRUE,12,110.735,inheritance,4,5,1,2,53,FALSE,High Income,0,1,TRUE
4631ce217958bde8a8982c146100e0a8,True,FALSE,TRUE,FALSE,6,113.292,merit,1,4,1,1,35,FALSE,Low Income,6,0,FALSE
463639cc119cde35f927e93b3c1bea63,True,FALSE,TRUE,FALSE,6,72.795,merit,5,4,1,1,66,TRUE,High Income,6,0,FALSE
464708888f63c8817592fca6e94371a0,True,FALSE,FALSE,TRUE,12,64.372,inheritance,5,6,1,3,37,FALSE,High Income,0,1,TRUE
476507e83463f52d76b2c6f96d108f4d,True,FALSE,TRUE,FALSE,8,107.866,merit,4,4,1,1,70,TRUE,High Income,4,0.3333333333333333,FALSE
4823aad279f1f5b39e7747493ea0627a,True,FALSE,TRUE,FALSE,12,210.72,merit,4,5,1,1,71,FALSE,High Income,0,1,TRUE
48b6ed34f61d10196310f887b90735b4,True,TRUE,FALSE,FALSE,6,29.843,luck,3,3,1,1,25,FALSE,Average Income,6,0,FALSE
49f973235071596a361deef7a2fd6f8d,True,FALSE,TRUE,FALSE,10,70.901,merit,1,3,1,0,26,FALSE,Low Income,2,0.6666666666666666,FALSE
4a0d558ac695d3d4ee123c7dc636bc00,True,FALSE,TRUE,FALSE,8,202.582,merit,2,3,1,1,54,TRUE,Low Income,4,0.3333333333333333,FALSE
4ac6cf3f9114790e45e78454b67cc7eb,True,FALSE,FALSE,TRUE,10,123.353,inheritance,4,5,1,3,56,FALSE,High Income,2,0.6666666666666666,TRUE
4d1169f35d89d480a5aa2a9dd5dd6e9a,True,TRUE,FALSE,FALSE,10,18.611,luck,1,3,1,1,28,FALSE,Low Income,2,0.6666666666666666,FALSE
4d3233da687b1e754ab1565cc41cad2a,True,FALSE,TRUE,FALSE,12,60.771,merit,1,5,1,2,28,FALSE,Low Income,0,1,TRUE
522f34286b143b160c3623084e9faad0,True,TRUE,FALSE,FALSE,12,52.944,luck,2,5,1,2,25,FALSE,Low Income,0,1,TRUE
54ae3329316a89a8a0710e1e11d56ab9,True,FALSE,TRUE,FALSE,12,73.674,merit,3,1,1,2,30,FALSE,Average Income,0,1,FALSE
54ddcf4f3a4d89b072a5dfea79e194c5,True,TRUE,FALSE,FALSE,12,70.552,luck,6,3,1,1,34,FALSE,NA,0,1,FALSE
57505dfe62c0b54dd3c9d17e5822e7ab,True,FALSE,TRUE,FALSE,10,122.063,merit,6,4,1,1,24,FALSE,NA,2,0.6666666666666666,FALSE
578152ca9ef8dc1ce47afc8f51e6a30f,True,FALSE,FALSE,TRUE,8,195.765,inheritance,4,5,1,1,27,FALSE,High Income,4,0.3333333333333333,TRUE
57bf758c230dad2900b81238c0552219,True,FALSE,TRUE,FALSE,8,116.607,merit,6,3,1,3,53,TRUE,NA,4,0.3333333333333333,FALSE
585d3bd7fe992e016c7cbe4126072c65,True,TRUE,FALSE,FALSE,12,279.755,luck,3,5,1,3,54,FALSE,Average Income,0,1,TRUE
58b7f648ef4ae07f8cee4dca574af93b,True,TRUE,FALSE,FALSE,6,226.14,luck,2,3,1,1,21,TRUE,Low Income,6,0,FALSE
58c44dd92aaeea36a52566841e1960b7,True,FALSE,FALSE,TRUE,6,182.913,inheritance,2,5,1,2,35,FALSE,Low Income,6,0,TRUE
5a94c14799df3a4bcff54a52779b4381,True,FALSE,FALSE,TRUE,6,179.462,inheritance,2,5,1,1,63,TRUE,Low Income,6,0,TRUE
5aa71d6613ce0fe6059fd5d7ca902926,True,TRUE,FALSE,FALSE,8,439.839,luck,3,3,1,3,47,TRUE,Average Income,4,0.3333333333333333,FALSE
5b42a20d742120d4f2385b31b4aeb907,True,FALSE,TRUE,FALSE,8,81.18,merit,2,3,1,1,22,TRUE,Low Income,4,0.3333333333333333,FALSE
5cd4e7117036f0f4f018c1a14674ed28,True,FALSE,FALSE,TRUE,12,63.501,inheritance,1,6,1,1,45,FALSE,Low Income,0,1,TRUE
5cf692b6e09773478637b312c30ef8d9,True,TRUE,FALSE,FALSE,12,84.164,luck,4,1,1,1,38,TRUE,High Income,0,1,FALSE
5e43e965c4bc2192c6902652ebaacabf,True,TRUE,FALSE,FALSE,6,117.579,luck,1,4,1,1,42,FALSE,Low Income,6,0,FALSE
5ecef9d5c6ea58c48cbe46b11996cd39,True,FALSE,TRUE,FALSE,8,83.076,merit,3,4,1,1,33,TRUE,Average Income,4,0.3333333333333333,FALSE
5f182df0b6904bf4034a57768f74a85e,True,TRUE,FALSE,FALSE,6,225.152,luck,4,5,1,4,36,FALSE,High Income,6,0,TRUE
5f6371c9126149517d9ba475def53139,True,TRUE,FALSE,FALSE,6,55.112,luck,4,5,1,3,56,FALSE,High Income,6,0,TRUE
617b666ff4f5e0accc3db76585bb8703,True,FALSE,TRUE,FALSE,8,49.135,merit,2,5,1,3,49,TRUE,Low Income,4,0.3333333333333333,TRUE
624ab3a08ee5b566e6b5679e9e8a7168,True,FALSE,TRUE,FALSE,12,103.679,merit,5,6,1,1,69,TRUE,High Income,0,1,TRUE
63ceb46495fb714da7b8558af769ee85,True,FALSE,TRUE,FALSE,12,48.607,merit,4,6,1,4,33,TRUE,High Income,0,1,TRUE
6628e95c8fb91840bae4db0c18ad3a5c,True,FALSE,FALSE,TRUE,6,99.613,inheritance,2,4,1,1,53,TRUE,Low Income,6,0,FALSE
6a39475166d6bbe3a2ba49e254a0f3e5,True,FALSE,TRUE,FALSE,8,61.53,merit,1,3,1,1,19,FALSE,Low Income,4,0.3333333333333333,FALSE
6aa1c06eb1faef1a175d62082055b1d8,True,FALSE,FALSE,TRUE,8,100.901,inheritance,0,3,1,1,18,TRUE,NA,4,0.3333333333333333,FALSE
6b0610101b698164b71553728c7cb5a9,True,FALSE,TRUE,FALSE,12,78.254,merit,4,5,1,9,37,TRUE,High Income,0,1,TRUE
6b393bad201dd537c4d88ab73e3dc256,True,TRUE,FALSE,FALSE,12,416.852,luck,1,4,1,1,23,FALSE,Low Income,0,1,FALSE
6c68dc52ad0c729e02b4f9390b0243af,True,TRUE,FALSE,FALSE,10,87.078,luck,2,3,1,2,29,TRUE,Low Income,2,0.6666666666666666,FALSE
6d0a5a054bbe3dfe06aaa86f1538dc5f,True,FALSE,TRUE,FALSE,12,66.878,merit,4,5,1,5,50,TRUE,High Income,0,1,TRUE
6d94fc6caba71e510b98daec00b355d5,True,TRUE,FALSE,FALSE,6,234.77,luck,0,1,1,0,20,TRUE,NA,6,0,FALSE
6e48431a34cc92fef202946e6a195fd4,True,FALSE,FALSE,TRUE,6,103.388,inheritance,3,6,1,3,50,TRUE,Average Income,6,0,TRUE
6fac43795f74622bf6206a49e11772b1,True,FALSE,FALSE,TRUE,12,121.471,inheritance,4,3,1,1,64,FALSE,High Income,0,1,FALSE
7174cec589c05fd8dfabed53dcd67d5a,True,FALSE,TRUE,FALSE,8,61.8,merit,1,3,1,3,32,TRUE,Low Income,4,0.3333333333333333,FALSE
72fb4fd3d4e0025c91bf610ed71b5149,True,FALSE,TRUE,FALSE,8,186.8,merit,1,3,1,1,21,TRUE,Low Income,4,0.3333333333333333,FALSE
764188f9ded729b81e8ac37d5589c2e7,True,TRUE,FALSE,FALSE,6,74.981,luck,3,5,1,2,55,FALSE,Average Income,6,0,TRUE
77f0d37f06a1f77a69d731c5e4fd7ba4,True,FALSE,TRUE,FALSE,12,55.939,merit,2,4,1,1,21,FALSE,Low Income,0,1,FALSE
784efe2c21fdd08f20bce47cf22af7cd,True,TRUE,FALSE,FALSE,6,87.049,luck,1,3,1,2,58,TRUE,Low Income,6,0,FALSE
7a0ceb03c4f8572833ceb0bc24431e6b,True,FALSE,FALSE,TRUE,12,202.764,inheritance,4,4,1,1,53,TRUE,High Income,0,1,FALSE
7a6f5b673d750b459b8d4ef84f7cb856,True,FALSE,FALSE,TRUE,6,121.224,inheritance,2,4,1,2,58,FALSE,Low Income,6,0,FALSE
7a7e74dd8f0bd7f927e4f5bde617713c,True,FALSE,TRUE,FALSE,10,8.895,merit,3,2,1,1,30,FALSE,Average Income,2,0.6666666666666666,FALSE
7abdeef7587082309dbce01de6c77ca3,True,TRUE,FALSE,FALSE,10,34.895,luck,3,6,1,0,28,TRUE,Average Income,2,0.6666666666666666,TRUE
7bf340d0b13165b1011002ae892af011,True,FALSE,FALSE,TRUE,6,1149.73,inheritance,1,3,1,3,18,TRUE,Low Income,6,0,FALSE
7c2b3efa3743510d6fdad5c7b65a4f09,True,FALSE,TRUE,FALSE,12,52.043,merit,4,6,1,2,36,TRUE,High Income,0,1,TRUE
7e980c0ebff1d67e124d6bf0dcf35565,True,FALSE,TRUE,FALSE,6,108.835,merit,6,3,1,3,42,TRUE,NA,6,0,FALSE
802774cd9653289e309e02357b2c4d20,True,FALSE,FALSE,TRUE,6,192.768,inheritance,2,5,1,6,37,TRUE,Low Income,6,0,TRUE
81e1445fb252594976a6a1956a85d7d2,True,FALSE,FALSE,TRUE,12,153.639,inheritance,4,5,1,3,33,FALSE,High Income,0,1,TRUE
82a751763c69995630941902b3bca99d,True,FALSE,TRUE,FALSE,12,63.678,merit,1,6,1,3,39,FALSE,Low Income,0,1,TRUE
847cfd93f136b56ec837add03cc02e4e,True,FALSE,TRUE,FALSE,6,230.341,merit,2,6,1,1,66,TRUE,Low Income,6,0,TRUE
849ee218bddf12c51a0f04feeb091de4,True,FALSE,TRUE,FALSE,8,110.384,merit,2,6,1,1,62,TRUE,Low Income,4,0.3333333333333333,TRUE
84f1c922297109d80e74dcc47754ddc6,True,FALSE,FALSE,TRUE,6,125.24,inheritance,1,3,1,2,67,TRUE,Low Income,6,0,FALSE
8555ec5357ae1a6180b3b40aef59db57,True,FALSE,FALSE,TRUE,10,124.396,inheritance,3,3,1,1,24,TRUE,Average Income,2,0.6666666666666666,FALSE
86beb58c719c6432401b5c33c3a539e1,True,FALSE,FALSE,TRUE,12,72.601,inheritance,5,5,1,1,41,FALSE,High Income,0,1,TRUE
870be7f851288f9a7503aa286c4699ca,True,TRUE,FALSE,FALSE,6,87.117,luck,1,2,1,6,28,TRUE,Low Income,6,0,FALSE
890aeaeedb2c15714ca65f68691071f6,True,FALSE,TRUE,FALSE,8,182.009,merit,1,5,1,4,32,TRUE,Low Income,4,0.3333333333333333,TRUE
89484d389033b0184ba80b1dd7a7f5e6,True,FALSE,FALSE,TRUE,6,230.079,inheritance,1,3,1,1,67,TRUE,Low Income,6,0,FALSE
8c1d7451da66168bc58a4613a9db5746,True,FALSE,TRUE,FALSE,10,42.398,merit,1,3,1,1,22,FALSE,Low Income,2,0.6666666666666666,FALSE
8d8f03c09a5d807851e715a11bb154aa,True,FALSE,FALSE,TRUE,6,57.383,inheritance,2,3,1,4,38,TRUE,Low Income,6,0,FALSE
8dee263f9baf339c2e5338f879eb65d9,True,FALSE,FALSE,TRUE,0,11.383,inheritance,4,5,1,5,53,FALSE,High Income,12,1,TRUE
8e4f5323eba0fb5e49c4dfeb7f45b731,True,FALSE,TRUE,FALSE,8,127.791,merit,2,3,1,2,58,FALSE,Low Income,4,0.3333333333333333,FALSE
8e7fd913399c389df5b1d583c4c44e09,True,TRUE,FALSE,FALSE,8,286.834,luck,2,4,1,1,69,FALSE,Low Income,4,0.3333333333333333,FALSE
8f450066c04fb0c10e082ef0ac5453e6,True,FALSE,TRUE,FALSE,6,28.64,merit,1,5,1,1,19,TRUE,Low Income,6,0,TRUE
9001ca429212011f4a4fda6c778cc318,True,FALSE,FALSE,TRUE,8,134.267,inheritance,1,4,1,1,64,TRUE,Low Income,4,0.3333333333333333,FALSE
9045fad8a4d6f1229cf2e5ec885709fc,True,TRUE,FALSE,FALSE,8,217.777,luck,2,4,1,2,33,FALSE,Low Income,4,0.3333333333333333,FALSE
9056570fc9695e8cc4f69daf5afae925,True,FALSE,FALSE,TRUE,4,5.37,inheritance,1,5,1,2,33,FALSE,Low Income,8,0.3333333333333333,TRUE
9093144a521a9beb05a0b56700ac3825,True,FALSE,TRUE,FALSE,10,130.381,merit,2,4,1,4,41,TRUE,Low Income,2,0.6666666666666666,FALSE
909cdaa97d057e602518091965ffd81c,True,TRUE,FALSE,FALSE,6,73.4,luck,5,3,1,1,21,TRUE,High Income,6,0,FALSE
917c58ab6cef4cb144a2711821d4ecd6,True,TRUE,FALSE,FALSE,12,49.422,luck,1,5,1,1,26,TRUE,Low Income,0,1,TRUE
934f54b2d2234b19fe94276c05309e62,True,FALSE,FALSE,TRUE,6,142.941,inheritance,3,5,1,3,51,FALSE,Average Income,6,0,TRUE
94569f25412296ec2d3b4df9ae7ffb5d,True,FALSE,FALSE,TRUE,8,123.379,inheritance,6,6,1,2,53,TRUE,NA,4,0.3333333333333333,TRUE
952607b5a308454c595d5cccd5d4b66d,True,FALSE,FALSE,TRUE,6,126.785,inheritance,3,6,1,1,68,FALSE,Average Income,6,0,TRUE
97636d9198f6df0777e0c77e6a63b033,True,FALSE,FALSE,TRUE,6,199.1,inheritance,1,5,1,1,69,TRUE,Low Income,6,0,TRUE
977956845bcc6e5096f741b2be8dcc93,True,FALSE,TRUE,FALSE,8,103.14,merit,2,2,1,4,41,FALSE,Low Income,4,0.3333333333333333,FALSE
997c4738617b4fe920058ed3a429e6d4,True,TRUE,FALSE,FALSE,12,109.704,luck,5,6,1,1,69,FALSE,High Income,0,1,TRUE
9b1edb07e5ee8c64fdc791d4541d63b5,True,FALSE,TRUE,FALSE,12,57.052,merit,1,3,1,1,37,FALSE,Low Income,0,1,FALSE
9c1cdecfc3c6dde66f2417ed98c19bfa,True,TRUE,FALSE,FALSE,12,55.038,luck,6,4,1,0,31,TRUE,NA,0,1,FALSE
9d1fc16913d9626f29cb790af68ea2e9,True,TRUE,FALSE,FALSE,6,163.255,luck,5,6,1,1,65,FALSE,High Income,6,0,TRUE
9dc426346c585e778eeea5eee33f4b65,True,FALSE,FALSE,TRUE,6,134.771,inheritance,4,5,1,1,29,FALSE,High Income,6,0,TRUE
9dc896f9b289f4fe1278eae7d86eb184,True,FALSE,FALSE,TRUE,12,325.583,inheritance,6,1,1,3,43,FALSE,NA,0,1,FALSE
9e7a49a3bad1fc7c8e89a00a546636f6,True,TRUE,FALSE,FALSE,6,13.75,luck,4,6,1,3,37,FALSE,High Income,6,0,TRUE
9e9cb2ce456b4b52378df150eebbb2cc,True,FALSE,TRUE,FALSE,10,213.65,merit,4,6,1,1,67,FALSE,High Income,2,0.6666666666666666,TRUE
a081a840631c3a55db80a47d1c1f9793,True,TRUE,FALSE,FALSE,6,62.519,luck,3,6,1,2,39,TRUE,Average Income,6,0,TRUE
a08c92ceee3a76a9f146cf04eb8764b6,True,TRUE,FALSE,FALSE,6,68.469,luck,2,3,1,5,38,TRUE,Low Income,6,0,FALSE
a0a89dbb13a35b7999d968d7e06ee262,True,TRUE,FALSE,FALSE,6,78.111,luck,5,6,1,1,32,FALSE,High Income,6,0,TRUE
a3c14d05842c55f6e5bc42e4542cbf36,True,TRUE,FALSE,FALSE,6,100.118,luck,5,4,1,1,52,TRUE,High Income,6,0,FALSE
a413b2e14e9c0d1081c7e826c99b3851,True,TRUE,FALSE,FALSE,12,86.144,luck,2,4,1,3,35,FALSE,Low Income,0,1,FALSE
a5eabae7470e525d09fada192d658cb4,True,FALSE,FALSE,TRUE,6,129.271,inheritance,2,1,1,2,36,TRUE,Low Income,6,0,FALSE
a6247205ce7794e736bf35e243afbebf,True,TRUE,FALSE,FALSE,6,68.547,luck,2,5,1,1,42,TRUE,Low Income,6,0,TRUE
a6761e183d4ace6737fbb911a662572f,True,FALSE,TRUE,FALSE,8,90.265,merit,1,2,1,4,46,TRUE,Low Income,4,0.3333333333333333,FALSE
a7dff61e62081bf55fc36b6e1284e9f6,True,FALSE,TRUE,FALSE,8,78.234,merit,6,5,1,4,51,FALSE,NA,4,0.3333333333333333,TRUE
a90e4ea450554da7036fcc34f5eaab9f,True,FALSE,TRUE,FALSE,8,51.509,merit,1,4,1,1,20,TRUE,Low Income,4,0.3333333333333333,FALSE
abd9f51027fe11f9623b65e46e9fe156,True,TRUE,FALSE,FALSE,6,71.695,luck,2,4,1,1,70,TRUE,Low Income,6,0,FALSE
acbcefc36a2fb7b745d33253a4ccfc93,True,FALSE,FALSE,TRUE,6,75.185,inheritance,1,5,1,1,29,FALSE,Low Income,6,0,TRUE
aeac4f3f0209eb989093f7bdc93e7fb4,True,TRUE,FALSE,FALSE,6,127.462,luck,3,6,1,2,51,FALSE,Average Income,6,0,TRUE
aec2c7d61a17915cb4b5d2812961324d,True,FALSE,FALSE,TRUE,12,124.372,inheritance,1,4,1,1,19,FALSE,Low Income,0,1,FALSE
aeda76654eb955b31634cc7461464e46,True,FALSE,FALSE,TRUE,12,112.17,inheritance,4,4,1,3,60,FALSE,High Income,0,1,FALSE
b04cd950784bdbc73835ecf6cfd3b4b2,True,FALSE,FALSE,TRUE,6,148.619,inheritance,1,2,1,1,68,FALSE,Low Income,6,0,FALSE
b070f074e9b1f4c76fc8ce2fed70f4d1,True,FALSE,FALSE,TRUE,10,114.484,inheritance,3,3,1,0,25,FALSE,Average Income,2,0.6666666666666666,FALSE
b08e837e8d6fa4cd7df28e40276a50b8,True,TRUE,FALSE,FALSE,12,42.759,luck,1,3,1,4,39,TRUE,Low Income,0,1,FALSE
b19a0aa44ff21700bc5babeb884b0b7d,True,FALSE,FALSE,TRUE,12,138.904,inheritance,4,5,1,1,69,TRUE,High Income,0,1,TRUE
b31afad0c05c30cce2eee1d769160425,True,FALSE,TRUE,FALSE,6,37.26,merit,4,5,1,2,33,FALSE,High Income,6,0,TRUE
b3392ead997d8690ff7835be08e6d215,True,FALSE,FALSE,TRUE,6,154.261,inheritance,6,3,1,1,57,TRUE,NA,6,0,FALSE
b49a09cc0a50c5b18bcbc2d3145f9548,True,FALSE,FALSE,TRUE,12,92.841,inheritance,5,5,1,1,65,TRUE,High Income,0,1,TRUE
b4f7aa863b6bc9d9bb184d56c2baca94,True,FALSE,TRUE,FALSE,8,71.208,merit,4,5,1,3,43,FALSE,High Income,4,0.3333333333333333,TRUE
b548aebf1aa11a980526f00db4bb9cae,True,FALSE,TRUE,FALSE,6,107.586,merit,1,6,1,1,29,TRUE,Low Income,6,0,TRUE
b58b488c9dee6c1c4dec2ca042347d26,True,TRUE,FALSE,FALSE,6,94.07,luck,1,3,1,1,22,FALSE,Low Income,6,0,FALSE
b5b45ff3e25a429db97ee70cfd4d4c66,True,TRUE,FALSE,FALSE,12,138.106,luck,2,2,1,1,61,TRUE,Low Income,0,1,FALSE
b6232f4288884b8258d4b93e72408184,True,FALSE,FALSE,TRUE,8,114.732,inheritance,1,5,1,1,27,TRUE,Low Income,4,0.3333333333333333,TRUE
b7840ad09fb03cab958c0d834bce6c5e,True,FALSE,TRUE,FALSE,12,84.408,merit,2,3,1,1,55,TRUE,Low Income,0,1,FALSE
b82815c482025798168a6e6369eaf14b,True,FALSE,FALSE,TRUE,12,81.689,inheritance,5,5,1,0,32,FALSE,High Income,0,1,TRUE
b901e02263035b552fb943960464bae0,True,FALSE,FALSE,TRUE,6,254.462,inheritance,6,3,1,1,18,FALSE,NA,6,0,FALSE
b9bff6279aba4be4ae14a729b66ca6d5,True,FALSE,TRUE,FALSE,8,84.562,merit,1,3,1,1,70,TRUE,Low Income,4,0.3333333333333333,FALSE
ba2045a3f0e1fd4480d2be4b1c7201cf,True,TRUE,FALSE,FALSE,12,119.37,luck,6,3,1,1,51,TRUE,NA,0,1,FALSE
ba6a625772530f54985d3ba25421ea08,True,FALSE,FALSE,TRUE,8,101.545,inheritance,2,3,1,1,23,TRUE,Low Income,4,0.3333333333333333,FALSE
be3758adb2d6d81a670f9b7e6f710c12,True,FALSE,TRUE,FALSE,8,64.572,merit,6,3,1,1,18,FALSE,NA,4,0.3333333333333333,FALSE
be82db645680501ba38b2552ef850562,True,FALSE,FALSE,TRUE,6,1145.181,inheritance,6,4,1,1,65,TRUE,NA,6,0,FALSE
beed0c96e3d84b964a0230232da55439,True,TRUE,FALSE,FALSE,8,37.809,luck,0,1,1,0,21,FALSE,NA,4,0.3333333333333333,FALSE
c015c0562ba8a375e5f097e291968762,True,TRUE,FALSE,FALSE,6,60.292,luck,3,4,1,3,48,FALSE,Average Income,6,0,FALSE
c1ec299a4fa7765d98eecf6b05ccbbf1,True,FALSE,FALSE,TRUE,4,28.637,inheritance,5,4,1,1,31,FALSE,High Income,8,0.3333333333333333,FALSE
c2bea00c291a507323a80d1bcbb537af,True,FALSE,FALSE,TRUE,12,69.417,inheritance,4,5,1,1,63,FALSE,High Income,0,1,TRUE
c383be152e4383906ade8a396ff7a0d5,True,FALSE,FALSE,TRUE,6,109.039,inheritance,2,6,1,2,63,FALSE,Low Income,6,0,TRUE
c4c9e412093c5fa2dd2bad6f678edec7,True,TRUE,FALSE,FALSE,12,86.739,luck,2,3,1,1,54,TRUE,Low Income,0,1,FALSE
c6202c1a622d0f3452244dbaaf5b3277,True,FALSE,TRUE,FALSE,8,57.061,merit,4,6,1,2,59,TRUE,High Income,4,0.3333333333333333,TRUE
c6744951607163a9e7d29b1ed3720c24,True,TRUE,FALSE,FALSE,6,229.327,luck,1,4,1,0,20,TRUE,Low Income,6,0,FALSE
c73155d6e28c96cd898bb5b2f522d1d7,True,FALSE,TRUE,FALSE,12,79.087,merit,1,3,1,1,23,TRUE,Low Income,0,1,FALSE
c75ca9cc781d2b3f3ab877ad57248df1,True,FALSE,TRUE,FALSE,8,56.926,merit,4,5,1,1,48,FALSE,High Income,4,0.3333333333333333,TRUE
c892564abc745f2947ee7133cb5ebd99,True,FALSE,FALSE,TRUE,12,123.595,inheritance,2,1,1,2,50,TRUE,Low Income,0,1,FALSE
c991a0254464eeedb19a8d723fe4ed55,True,FALSE,TRUE,FALSE,8,89.341,merit,2,3,1,2,52,TRUE,Low Income,4,0.3333333333333333,FALSE
ca9c6ff179a0d30528d64216af402faf,True,FALSE,TRUE,FALSE,8,403.927,merit,6,3,1,1,29,FALSE,NA,4,0.3333333333333333,FALSE
cadf198ee3b68737aefd8dc77cf66b72,True,FALSE,FALSE,TRUE,12,20.212,inheritance,4,6,1,4,46,TRUE,High Income,0,1,TRUE
cb7418b8120eefa00aacf6b350f3e981,True,FALSE,TRUE,FALSE,8,50.548,merit,6,6,1,4,47,FALSE,NA,4,0.3333333333333333,TRUE
cced25301d74f42328b90a762b0bae0e,True,TRUE,FALSE,FALSE,6,140.498,luck,4,5,1,1,60,TRUE,High Income,6,0,TRUE
cd23d57a85e75248143072f6fd3b3bc6,True,FALSE,TRUE,FALSE,6,34.306,merit,1,3,1,1,18,FALSE,Low Income,6,0,FALSE
cd714b1d24d52c320647b52bb599753c,True,TRUE,FALSE,FALSE,12,106.103,luck,2,3,1,3,49,TRUE,Low Income,0,1,FALSE
ced4f89429673bbcb3d13f917fc5b224,True,FALSE,FALSE,TRUE,6,87.852,inheritance,4,5,1,4,26,TRUE,High Income,6,0,TRUE
d0696ca7551c836d7e5194bf627e3632,True,TRUE,FALSE,FALSE,10,22.355,luck,2,4,1,1,22,TRUE,Low Income,2,0.6666666666666666,FALSE
d29b88848dc9d501ab60316ac8977b58,True,FALSE,FALSE,TRUE,12,124.52,inheritance,4,5,1,2,59,FALSE,High Income,0,1,TRUE
d29cfd079ac4e1ac01d5f297ea4fc51d,True,FALSE,TRUE,FALSE,8,121.278,merit,3,5,1,1,64,TRUE,Average Income,4,0.3333333333333333,TRUE
d4a9f373843912eb06a735b496a38dab,True,FALSE,TRUE,FALSE,12,65.935,merit,1,3,1,1,19,FALSE,Low Income,0,1,FALSE
d584f253df28328231622f74ad534901,True,FALSE,FALSE,TRUE,12,99.141,inheritance,1,5,1,3,35,TRUE,Low Income,0,1,TRUE
d5f741a7cff28ca21c61e1ebb1c3da65,True,FALSE,FALSE,TRUE,6,289.408,inheritance,1,5,1,4,54,TRUE,Low Income,6,0,TRUE
d66acf7a045481326ca7112c22d74682,True,FALSE,FALSE,TRUE,12,86.913,inheritance,2,4,1,4,53,TRUE,Low Income,0,1,FALSE
d7eda11ce39e072973a184afd2cb4bfe,True,TRUE,FALSE,FALSE,12,120.765,luck,0,4,1,0,22,TRUE,NA,0,1,FALSE
d880db0af2e5aadb4b88ed7ded76fadd,True,FALSE,TRUE,FALSE,12,85.196,merit,0,5,1,1,32,FALSE,NA,0,1,TRUE
d8a67e2799f9516608cfb18970b53621,True,TRUE,FALSE,FALSE,10,118.39,luck,6,3,1,0,19,TRUE,NA,2,0.6666666666666666,FALSE
d8c4773d248aa56a1c53ce5f3b9fea68,True,FALSE,FALSE,TRUE,6,103.454,inheritance,3,4,1,1,24,TRUE,Average Income,6,0,FALSE
da20a0500b325417a2ad5e87332fbb94,True,FALSE,FALSE,TRUE,12,15.502,inheritance,2,5,1,1,25,FALSE,Low Income,0,1,TRUE
db81ae6acdc9291eeec40e25c559c209,True,TRUE,FALSE,FALSE,12,147.598,luck,2,3,1,1,61,TRUE,Low Income,0,1,FALSE
dbbf603ff0e99629dda5d75b6f75f966,True,TRUE,FALSE,FALSE,6,41.109,luck,4,5,1,2,58,FALSE,High Income,6,0,TRUE
dc05d0cb86ca0e73640f180e4ccdd540,True,TRUE,FALSE,FALSE,6,97.113,luck,3,4,1,4,39,FALSE,Average Income,6,0,FALSE
dcc8c14de9fe2c13e1b88ddd9f0ae8f5,True,FALSE,TRUE,FALSE,12,87.285,merit,2,3,1,3,43,TRUE,Low Income,0,1,FALSE
dcf9082a17123c1adc46b4f19dc90e6c,True,FALSE,TRUE,FALSE,12,27.31,merit,3,5,1,1,69,FALSE,Average Income,0,1,TRUE
de214866ab76d9f7d4d4a404096139fb,True,TRUE,FALSE,FALSE,8,56.269,luck,2,5,1,9,44,FALSE,Low Income,4,0.3333333333333333,TRUE
de57ce09f17dc74b6300992ebfec5510,True,FALSE,FALSE,TRUE,10,101.7,inheritance,1,3,1,0,50,FALSE,Low Income,2,0.6666666666666666,FALSE
df4313ad39fb665879d75a7de30413fd,True,FALSE,TRUE,FALSE,10,95.233,merit,2,5,1,1,70,FALSE,Low Income,2,0.6666666666666666,TRUE
dfa037a53e121ecc9e0926800c3e814e,True,TRUE,FALSE,FALSE,6,66.672,luck,1,3,1,1,60,TRUE,Low Income,6,0,FALSE
dffcc1312db0bf4d9fa0a1c6ffc17333,True,FALSE,FALSE,TRUE,6,126.825,inheritance,2,3,1,1,32,FALSE,Low Income,6,0,FALSE
e14f4c451188889cad7a4a2252e3f8a4,True,TRUE,FALSE,FALSE,6,60.974,luck,1,4,1,1,46,FALSE,Low Income,6,0,FALSE
e2f7359d063efa3e977cdc5a92dfd8a7,True,TRUE,FALSE,FALSE,4,43.152,luck,1,5,1,3,34,TRUE,Low Income,8,0.3333333333333333,TRUE
e3d581fca85a6a54b48f7488b90ba959,True,FALSE,TRUE,FALSE,6,38.224,merit,1,3,1,0,41,FALSE,Low Income,6,0,FALSE
e57410b3cf83624db5a94381b45f450d,True,TRUE,FALSE,FALSE,6,76.312,luck,2,4,1,3,42,TRUE,Low Income,6,0,FALSE
e79f591ac0985409027873c575006794,True,TRUE,FALSE,FALSE,6,73.266,luck,1,4,1,1,18,FALSE,Low Income,6,0,FALSE
e7d79af76015d86b3e6ce25da1f3a223,True,FALSE,TRUE,FALSE,12,86.988,merit,1,3,1,1,59,FALSE,Low Income,0,1,FALSE
e867d7cfe1ce533edbc9821585929a5c,True,FALSE,FALSE,TRUE,8,179.937,inheritance,4,6,1,2,59,TRUE,High Income,4,0.3333333333333333,TRUE
e8d65dff9dda464825550c87c677c6a5,True,TRUE,FALSE,FALSE,10,69.889,luck,1,3,1,1,51,FALSE,Low Income,2,0.6666666666666666,FALSE
e9280f91e53b5d732188858f70752520,True,TRUE,FALSE,FALSE,6,58.088,luck,1,6,1,0,30,TRUE,Low Income,6,0,TRUE
e964bab0578083549bbf4a73db5d74b8,True,FALSE,FALSE,TRUE,6,166.359,inheritance,4,3,1,2,32,FALSE,High Income,6,0,FALSE
e98eba535df42f5d6e0b10ef5025abde,True,FALSE,TRUE,FALSE,8,44.973,merit,5,5,1,1,29,TRUE,High Income,4,0.3333333333333333,TRUE
e9f3f5c29ee7db9b73c8ff84aac6535f,True,FALSE,FALSE,TRUE,6,93.633,inheritance,1,5,1,1,26,TRUE,Low Income,6,0,TRUE
ebf38f9b47d2d1c11bf39ff82293b056,True,FALSE,FALSE,TRUE,6,64.318,inheritance,1,3,1,1,21,TRUE,Low Income,6,0,FALSE
eed870f9d8a105ff7458839b721cb695,True,TRUE,FALSE,FALSE,6,130.718,luck,6,6,1,2,35,TRUE,NA,6,0,TRUE
f016fb884f01670467afbafc77ef13ce,True,TRUE,FALSE,FALSE,12,70.016,luck,3,5,1,3,34,FALSE,Average Income,0,1,TRUE
f04cd7399b2b0128970efb6d20b5c551,True,FALSE,TRUE,FALSE,8,48.106,merit,2,5,1,1,45,FALSE,Low Income,4,0.3333333333333333,TRUE
f09cbd79cccb844faf7a809573a913c9,True,TRUE,FALSE,FALSE,6,113.466,luck,2,4,1,4,54,FALSE,Low Income,6,0,FALSE
f1ea154c843f7cf3677db7ce922a2d17,True,TRUE,FALSE,FALSE,12,102.051,luck,3,3,1,4,41,FALSE,Average Income,0,1,FALSE
f39a90a031107f5188e374cc30907ce2,True,TRUE,FALSE,FALSE,8,57.689,luck,2,4,1,1,22,TRUE,Low Income,4,0.3333333333333333,FALSE
f4184f52b86318e43f48f412954f1a8e,True,TRUE,FALSE,FALSE,6,123.862,luck,2,5,1,3,29,FALSE,Low Income,6,0,TRUE
f5c5b67f6d69ea6b7db7e49a2d15d55b,True,FALSE,TRUE,FALSE,8,85.78,merit,1,3,1,1,24,TRUE,Low Income,4,0.3333333333333333,FALSE
f5d543b89eb89b19ea0eb2c67359a625,True,FALSE,FALSE,TRUE,6,53.631,inheritance,1,3,1,1,24,TRUE,Low Income,6,0,FALSE
f6534894efb7893bde5e80ccc21d69e9,True,FALSE,TRUE,FALSE,6,61.701,merit,1,4,1,0,20,TRUE,Low Income,6,0,FALSE
f7902a7a8d4ce380fcc8ae6f6bdfe895,True,FALSE,TRUE,FALSE,10,124.249,merit,6,3,1,1,38,TRUE,NA,2,0.6666666666666666,FALSE
f83630579d055dc5843ae693e7cdafe0,True,FALSE,TRUE,FALSE,6,133.833,merit,1,3,1,1,66,TRUE,Low Income,6,0,FALSE
f929ced6927c42fccd12b7765cdf5130,True,TRUE,FALSE,FALSE,6,95.423,luck,1,4,1,1,25,TRUE,Low Income,6,0,FALSE
f9685e5779956fd390a9e922b9339cd6,True,FALSE,TRUE,FALSE,6,122.408,merit,1,4,1,1,59,TRUE,Low Income,6,0,FALSE
f97c30199a5b29201e9f90e18cccfd84,True,TRUE,FALSE,FALSE,6,20.373,luck,0,1,1,1,19,TRUE,NA,6,0,FALSE
fa9b529337b80bb3f9e9524445d0faa0,True,FALSE,FALSE,TRUE,6,69.987,inheritance,2,5,1,1,30,TRUE,Low Income,6,0,TRUE
fc6f335fa733e39d1bfd943ec8d97707,True,FALSE,FALSE,TRUE,6,135.236,inheritance,5,6,1,4,42,FALSE,High Income,6,0,TRUE
fdb150533462390f88a8c6eebf8da378,True,TRUE,FALSE,FALSE,0,3.93,luck,2,5,1,6,34,FALSE,Low Income,12,1,TRUE
fdeaaf7ea6e66f37e2a31a7d202633e0,True,TRUE,FALSE,FALSE,12,187.131,luck,4,5,1,3,37,FALSE,High Income,0,1,TRUE
ffdb02bf027709fa3818e86578df4170,True,FALSE,FALSE,TRUE,12,214.449,inheritance,1,5,1,1,48,FALSE,Low Income,0,1,TRUE
